date,stock_id,buy,name,sell,foreign,investment_trust,dealer,dealer_self,dealer_hedging
2024-09-19,6643,706180,Foreign_Investor,652000,,,,,
2024-09-19,6643,0,Foreign_Dealer_Self,0,,,,,
2024-09-19,6643,114000,Investment_Trust,0,,,,,
2024-09-19,6643,41000,Dealer_self,14000,,,,,
2024-09-19,6643,32735,Dealer_Hedging,31333,,,,,
2024-09-20,6643,18000,Investment_Trust,18000,,,,,
2024-09-20,6643,23000,Dealer_self,24000,,,,,
2024-09-20,6643,18625,Dealer_Hedging,7390,,,,,
2024-09-20,6643,639179,Foreign_Investor,556600,,,,,
2024-09-20,6643,0,Foreign_Dealer_Self,0,,,,,
2024-09-23,6643,24000,Foreign_Investor,0,,,,,
2024-09-23,6643,0,Foreign_Dealer_Self,0,,,,,
2024-09-23,6643,0,Investment_Trust,0,,,,,
2024-09-23,6643,0,Dealer_self,1000,,,,,
2024-09-23,6643,0,Dealer_Hedging,7251,,,,,
2024-09-24,6643,0,Dealer_Hedging,7354,,,,,
2024-09-24,6643,0,Investment_Trust,95880,,,,,
2024-09-24,6643,1,Dealer_self,34000,,,,,
2024-09-24,6643,66050,Foreign_Investor,1000,,,,,
2024-09-24,6643,0,Foreign_Dealer_Self,0,,,,,
2024-09-25,6643,226200,Foreign_Investor,91000,,,,,
2024-09-25,6643,0,Foreign_Dealer_Self,0,,,,,
2024-09-25,6643,0,Investment_Trust,415643,,,,,
2024-09-25,6643,0,Dealer_self,56000,,,,,
2024-09-25,6643,159000,Dealer_Hedging,24161,,,,,
2024-09-26,6643,0,Investment_Trust,48000,,,,,
2024-09-26,6643,59000,Dealer_Hedging,0,,,,,
2024-09-26,6643,0,Dealer_self,1001,,,,,
2024-09-26,6643,0,Foreign_Dealer_Self,0,,,,,
2024-09-26,6643,111310,Foreign_Investor,10465,,,,,
2024-09-27,6643,69000,Foreign_Investor,2000,,,,,
2024-09-27,6643,0,Foreign_Dealer_Self,0,,,,,
2024-09-27,6643,0,Investment_Trust,5000,,,,,
2024-09-27,6643,4000,Dealer_self,0,,,,,
2024-09-27,6643,31000,Dealer_Hedging,2000,,,,,
2024-09-30,6643,8000,Dealer_Hedging,1000,,,,,
2024-09-30,6643,0,Investment_Trust,1162,,,,,
2024-09-30,6643,0,Dealer_self,0,,,,,
2024-09-30,6643,0,Foreign_Dealer_Self,0,,,,,
2024-09-30,6643,32000,Foreign_Investor,4000,,,,,
2024-10-01,6643,29425,Foreign_Investor,4000,,,,,
2024-10-01,6643,0,Foreign_Dealer_Self,0,,,,,
2024-10-01,6643,0,Investment_Trust,11000,,,,,
2024-10-01,6643,0,Dealer_self,0,,,,,
2024-10-01,6643,9000,Dealer_Hedging,0,,,,,
2024-10-04,6643,9000,Dealer_Hedging,0,,,,,
2024-10-04,6643,0,Dealer_self,0,,,,,
2024-10-04,6643,0,Investment_Trust,0,,,,,
2024-10-04,6643,0,Foreign_Dealer_Self,0,,,,,
2024-10-04,6643,22000,Foreign_Investor,10441,,,,,
2024-10-07,6643,34660,Foreign_Investor,26360,,,,,
2024-10-07,6643,0,Foreign_Dealer_Self,0,,,,,
2024-10-07,6643,0,Investment_Trust,0,,,,,
2024-10-07,6643,0,Dealer_self,0,,,,,
2024-10-07,6643,3000,Dealer_Hedging,0,,,,,
2024-10-08,6643,0,Dealer_Hedging,0,,,,,
2024-10-08,6643,5000,Dealer_self,1000,,,,,
2024-10-08,6643,0,Investment_Trust,0,,,,,
2024-10-08,6643,0,Foreign_Dealer_Self,0,,,,,
2024-10-08,6643,9000,Foreign_Investor,5000,,,,,
2024-10-09,6643,187276,Foreign_Investor,340000,,,,,
2024-10-09,6643,0,Foreign_Dealer_Self,0,,,,,
2024-10-09,6643,30000,Investment_Trust,70000,,,,,
2024-10-09,6643,6000,Dealer_self,5000,,,,,
2024-10-09,6643,14418,Dealer_Hedging,23596,,,,,
2024-10-11,6643,324120,Foreign_Investor,511180,,,,,
2024-10-11,6643,0,Foreign_Dealer_Self,0,,,,,
2024-10-11,6643,30500,Investment_Trust,3000,,,,,
2024-10-11,6643,8000,Dealer_self,1000,,,,,
2024-10-11,6643,22436,Dealer_Hedging,50639,,,,,
2024-10-14,6643,201000,Foreign_Investor,277000,,,,,
2024-10-14,6643,0,Foreign_Dealer_Self,0,,,,,
2024-10-14,6643,0,Investment_Trust,81004,,,,,
2024-10-14,6643,4000,Dealer_self,0,,,,,
2024-10-14,6643,14323,Dealer_Hedging,44946,,,,,
2024-10-15,6643,6233,Dealer_Hedging,6455,,,,,
2024-10-15,6643,4000,Dealer_self,1000,,,,,
2024-10-15,6643,163452,Foreign_Investor,131000,,,,,
2024-10-15,6643,0,Foreign_Dealer_Self,0,,,,,
2024-10-15,6643,0,Investment_Trust,35001,,,,,
2024-10-16,6643,120010,Foreign_Investor,275035,,,,,
2024-10-16,6643,0,Foreign_Dealer_Self,0,,,,,
2024-10-16,6643,2000,Dealer_self,7000,,,,,
2024-10-16,6643,14000,Dealer_Hedging,17288,,,,,
2024-10-16,6643,0,Investment_Trust,94000,,,,,
2024-10-17,6643,166700,Foreign_Investor,361000,,,,,
2024-10-17,6643,0,Foreign_Dealer_Self,0,,,,,
2024-10-17,6643,0,Dealer_self,0,,,,,
2024-10-17,6643,17640,Dealer_Hedging,21703,,,,,
2024-10-17,6643,0,Investment_Trust,49000,,,,,
2024-10-18,6643,22417,Dealer_Hedging,23985,,,,,
2024-10-18,6643,5000,Dealer_self,0,,,,,
2024-10-18,6643,0,Investment_Trust,23568,,,,,
2024-10-18,6643,231000,Foreign_Investor,312015,,,,,
2024-10-18,6643,0,Foreign_Dealer_Self,0,,,,,
2024-10-21,6643,877912,Foreign_Investor,537974,,,,,
2024-10-21,6643,0,Foreign_Dealer_Self,0,,,,,
2024-10-21,6643,2000,Dealer_self,0,,,,,
2024-10-21,6643,16324,Dealer_Hedging,57360,,,,,
2024-10-21,6643,11000,Investment_Trust,30000,,,,,
2024-10-22,6643,16203,Dealer_Hedging,35290,,,,,
2024-10-22,6643,7000,Dealer_self,2000,,,,,
2024-10-22,6643,9000,Investment_Trust,2000,,,,,
2024-10-22,6643,258000,Foreign_Investor,561212,,,,,
2024-10-22,6643,0,Foreign_Dealer_Self,0,,,,,
2024-10-23,6643,349010,Foreign_Investor,423000,,,,,
2024-10-23,6643,0,Foreign_Dealer_Self,0,,,,,
2024-10-23,6643,8000,Investment_Trust,0,,,,,
2024-10-23,6643,0,Dealer_self,0,,,,,
2024-10-23,6643,8038,Dealer_Hedging,32635,,,,,
2024-10-24,6643,0,Dealer_self,0,,,,,
2024-10-24,6643,61000,Investment_Trust,1000,,,,,
2024-10-24,6643,16222,Dealer_Hedging,23850,,,,,
2024-10-24,6643,94000,Foreign_Investor,351000,,,,,
2024-10-24,6643,0,Foreign_Dealer_Self,0,,,,,
2024-10-25,6643,137200,Foreign_Investor,264000,,,,,
2024-10-25,6643,0,Foreign_Dealer_Self,0,,,,,
2024-10-25,6643,0,Investment_Trust,0,,,,,
2024-10-25,6643,0,Dealer_self,6000,,,,,
2024-10-25,6643,8000,Dealer_Hedging,9632,,,,,
2024-10-28,6643,11122,Dealer_Hedging,21321,,,,,
2024-10-28,6643,5000,Dealer_self,5000,,,,,
2024-10-28,6643,276040,Foreign_Investor,459000,,,,,
2024-10-28,6643,0,Foreign_Dealer_Self,0,,,,,
2024-10-28,6643,88000,Investment_Trust,0,,,,,
2024-10-29,6643,226235,Foreign_Investor,644000,,,,,
2024-10-29,6643,0,Foreign_Dealer_Self,0,,,,,
2024-10-29,6643,21700,Investment_Trust,0,,,,,
2024-10-29,6643,3000,Dealer_self,0,,,,,
2024-10-29,6643,54000,Dealer_Hedging,53822,,,,,
2024-10-30,6643,15000,Dealer_self,14000,,,,,
2024-10-30,6643,59221,Dealer_Hedging,65108,,,,,
2024-10-30,6643,0,Investment_Trust,0,,,,,
2024-10-30,6643,517665,Foreign_Investor,754071,,,,,
2024-10-30,6643,0,Foreign_Dealer_Self,0,,,,,
2024-11-01,6643,717900,Foreign_Investor,702001,,,,,
2024-11-01,6643,0,Foreign_Dealer_Self,0,,,,,
2024-11-01,6643,0,Investment_Trust,39000,,,,,
2024-11-01,6643,0,Dealer_self,11000,,,,,
2024-11-01,6643,29983,Dealer_Hedging,30879,,,,,
2024-11-04,6643,9391,Dealer_Hedging,8410,,,,,
2024-11-04,6643,0,Dealer_self,0,,,,,
2024-11-04,6643,0,Investment_Trust,9000,,,,,
2024-11-04,6643,926030,Foreign_Investor,965007,,,,,
2024-11-04,6643,0,Foreign_Dealer_Self,0,,,,,
2024-11-05,6643,171110,Foreign_Investor,437000,,,,,
2024-11-05,6643,0,Foreign_Dealer_Self,0,,,,,
2024-11-05,6643,16000,Investment_Trust,5400,,,,,
2024-11-05,6643,0,Dealer_self,0,,,,,
2024-11-05,6643,21048,Dealer_Hedging,22894,,,,,
2024-11-06,6643,7443,Dealer_Hedging,7200,,,,,
2024-11-06,6643,0,Investment_Trust,118760,,,,,
2024-11-06,6643,5000,Dealer_self,0,,,,,
2024-11-06,6643,447010,Foreign_Investor,333200,,,,,
2024-11-06,6643,0,Foreign_Dealer_Self,0,,,,,
2024-11-07,6643,510975,Foreign_Investor,882000,,,,,
2024-11-07,6643,0,Foreign_Dealer_Self,0,,,,,
2024-11-07,6643,0,Investment_Trust,290000,,,,,
2024-11-07,6643,26000,Dealer_self,16000,,,,,
2024-11-07,6643,71999,Dealer_Hedging,73069,,,,,
2024-11-08,6643,269235,Foreign_Investor,294000,,,,,
2024-11-08,6643,0,Foreign_Dealer_Self,0,,,,,
2024-11-08,6643,0,Investment_Trust,31000,,,,,
2024-11-08,6643,10000,Dealer_self,1000,,,,,
2024-11-08,6643,11184,Dealer_Hedging,12655,,,,,
2024-11-11,6643,9466,Dealer_Hedging,8477,,,,,
2024-11-11,6643,0,Investment_Trust,95000,,,,,
2024-11-11,6643,0,Dealer_self,0,,,,,
2024-11-11,6643,343000,Foreign_Investor,440000,,,,,
2024-11-11,6643,0,Foreign_Dealer_Self,0,,,,,
2024-11-12,6643,235000,Foreign_Investor,118958,,,,,
2024-11-12,6643,0,Foreign_Dealer_Self,0,,,,,
2024-11-12,6643,0,Investment_Trust,13200,,,,,
2024-11-12,6643,4000,Dealer_self,6000,,,,,
2024-11-12,6643,4330,Dealer_Hedging,5115,,,,,
2024-11-13,6643,0,Foreign_Dealer_Self,0,,,,,
2024-11-13,6643,61005,Foreign_Investor,299050,,,,,
2024-11-13,6643,1000,Investment_Trust,16680,,,,,
2024-11-13,6643,4000,Dealer_self,4000,,,,,
2024-11-13,6643,25000,Dealer_Hedging,26379,,,,,
2024-11-14,6643,50,Investment_Trust,11801,,,,,
2024-11-14,6643,0,Dealer_self,0,,,,,
2024-11-14,6643,248400,Foreign_Investor,251000,,,,,
2024-11-14,6643,0,Foreign_Dealer_Self,0,,,,,
2024-11-14,6643,5327,Dealer_Hedging,5743,,,,,
2024-11-15,6643,25000,Dealer_Hedging,25005,,,,,
2024-11-15,6643,5000,Investment_Trust,1000,,,,,
2024-11-15,6643,12000,Dealer_self,30000,,,,,
2024-11-15,6643,0,Foreign_Dealer_Self,0,,,,,
2024-11-15,6643,118010,Foreign_Investor,205000,,,,,
2024-11-18,6643,407320,Foreign_Investor,201400,,,,,
2024-11-18,6643,0,Foreign_Dealer_Self,0,,,,,
2024-11-18,6643,0,Investment_Trust,101712,,,,,
2024-11-18,6643,11000,Dealer_self,20000,,,,,
2024-11-18,6643,25000,Dealer_Hedging,25485,,,,,
2024-11-19,6643,3314,Dealer_Hedging,2930,,,,,
2024-11-19,6643,5000,Dealer_self,0,,,,,
2024-11-19,6643,0,Investment_Trust,133200,,,,,
2024-11-19,6643,0,Foreign_Dealer_Self,0,,,,,
2024-11-19,6643,429000,Foreign_Investor,113600,,,,,
2024-11-20,6643,235025,Foreign_Investor,253000,,,,,
2024-11-20,6643,0,Foreign_Dealer_Self,0,,,,,
2024-11-20,6643,16000,Investment_Trust,17000,,,,,
2024-11-20,6643,11000,Dealer_self,4000,,,,,
2024-11-20,6643,3008,Dealer_Hedging,2759,,,,,
2024-11-21,6643,1109,Dealer_Hedging,1000,,,,,
2024-11-21,6643,5000,Dealer_self,0,,,,,
2024-11-21,6643,0,Foreign_Dealer_Self,0,,,,,
2024-11-21,6643,237028,Foreign_Investor,141400,,,,,
2024-11-21,6643,16000,Investment_Trust,0,,,,,
2024-11-22,6643,298000,Foreign_Investor,269008,,,,,
2024-11-22,6643,0,Foreign_Dealer_Self,0,,,,,
2024-11-22,6643,200,Investment_Trust,0,,,,,
2024-11-22,6643,0,Dealer_self,0,,,,,
2024-11-22,6643,1000,Dealer_Hedging,672,,,,,
2024-11-25,6643,560,Dealer_Hedging,1247,,,,,
2024-11-25,6643,177281,Foreign_Investor,107000,,,,,
2024-11-25,6643,0,Foreign_Dealer_Self,0,,,,,
2024-11-25,6643,0,Investment_Trust,0,,,,,
2024-11-25,6643,0,Dealer_self,1000,,,,,
2024-11-26,6643,0,Investment_Trust,0,,,,,
2024-11-26,6643,3000,Dealer_self,7000,,,,,
2024-11-26,6643,65140,Foreign_Investor,183400,,,,,
2024-11-26,6643,0,Foreign_Dealer_Self,0,,,,,
2024-11-26,6643,6000,Dealer_Hedging,7817,,,,,
2024-11-27,6643,9000,Dealer_Hedging,8210,,,,,
2024-11-27,6643,0,Investment_Trust,5000,,,,,
2024-11-27,6643,0,Dealer_self,15000,,,,,
2024-11-27,6643,0,Foreign_Dealer_Self,0,,,,,
2024-11-27,6643,95000,Foreign_Investor,87000,,,,,
2024-11-28,6643,105000,Foreign_Investor,81000,,,,,
2024-11-28,6643,0,Foreign_Dealer_Self,0,,,,,
2024-11-28,6643,0,Investment_Trust,0,,,,,
2024-11-28,6643,11000,Dealer_self,11000,,,,,
2024-11-28,6643,5382,Dealer_Hedging,5370,,,,,
2024-11-29,6643,4600,Dealer_Hedging,3254,,,,,
2024-11-29,6643,2000,Dealer_self,5000,,,,,
2024-11-29,6643,0,Investment_Trust,11000,,,,,
2024-11-29,6643,0,Foreign_Dealer_Self,0,,,,,
2024-11-29,6643,471000,Foreign_Investor,176520,,,,,
2024-12-02,6643,72000,Foreign_Investor,167020,,,,,
2024-12-02,6643,0,Foreign_Dealer_Self,0,,,,,
2024-12-02,6643,0,Investment_Trust,1401,,,,,
2024-12-02,6643,4000,Dealer_self,4000,,,,,
2024-12-02,6643,3198,Dealer_Hedging,3080,,,,,
2024-12-03,6643,12979,Dealer_Hedging,13000,,,,,
2024-12-03,6643,7000,Dealer_self,0,,,,,
2024-12-03,6643,0,Investment_Trust,0,,,,,
2024-12-03,6643,0,Foreign_Dealer_Self,0,,,,,
2024-12-03,6643,470000,Foreign_Investor,175000,,,,,
2024-12-04,6643,193000,Foreign_Investor,385000,,,,,
2024-12-04,6643,0,Foreign_Dealer_Self,0,,,,,
2024-12-04,6643,0,Investment_Trust,0,,,,,
2024-12-04,6643,12000,Dealer_self,0,,,,,
2024-12-04,6643,6384,Dealer_Hedging,6510,,,,,
2024-12-05,6643,3164,Dealer_Hedging,3355,,,,,
2024-12-05,6643,6000,Dealer_self,0,,,,,
2024-12-05,6643,0,Investment_Trust,0,,,,,
2024-12-05,6643,0,Foreign_Dealer_Self,0,,,,,
2024-12-05,6643,175000,Foreign_Investor,98000,,,,,
2024-12-06,6643,713000,Foreign_Investor,714000,,,,,
2024-12-06,6643,0,Foreign_Dealer_Self,0,,,,,
2024-12-06,6643,0,Investment_Trust,0,,,,,
2024-12-06,6643,6000,Dealer_self,1000,,,,,
2024-12-06,6643,21072,Dealer_Hedging,21717,,,,,
2024-12-09,6643,716,Dealer_Hedging,915,,,,,
2024-12-09,6643,4000,Dealer_self,0,,,,,
2024-12-09,6643,0,Foreign_Dealer_Self,0,,,,,
2024-12-09,6643,172000,Foreign_Investor,230000,,,,,
2024-12-09,6643,0,Investment_Trust,0,,,,,
2024-12-10,6643,273800,Foreign_Investor,496000,,,,,
2024-12-10,6643,0,Foreign_Dealer_Self,0,,,,,
2024-12-10,6643,0,Investment_Trust,0,,,,,
2024-12-10,6643,1000,Dealer_self,11000,,,,,
2024-12-10,6643,12015,Dealer_Hedging,13446,,,,,
2024-12-11,6643,135000,Foreign_Investor,95000,,,,,
2024-12-11,6643,0,Foreign_Dealer_Self,0,,,,,
2024-12-11,6643,0,Investment_Trust,0,,,,,
2024-12-11,6643,9000,Dealer_self,0,,,,,
2024-12-11,6643,819,Dealer_Hedging,1089,,,,,
2024-12-12,6643,14000,Dealer_self,0,,,,,
2024-12-12,6643,0,Investment_Trust,24000,,,,,
2024-12-12,6643,1524,Dealer_Hedging,909,,,,,
2024-12-12,6643,301000,Foreign_Investor,146012,,,,,
2024-12-12,6643,0,Foreign_Dealer_Self,0,,,,,
2024-12-13,6643,205000,Foreign_Investor,204330,,,,,
2024-12-13,6643,0,Foreign_Dealer_Self,0,,,,,
2024-12-13,6643,0,Investment_Trust,0,,,,,
2024-12-13,6643,0,Dealer_self,0,,,,,
2024-12-13,6643,3135,Dealer_Hedging,2620,,,,,
2024-12-16,6643,50050,Dealer_Hedging,79322,,,,,
2024-12-16,6643,6000,Dealer_self,7000,,,,,
2024-12-16,6643,0,Foreign_Dealer_Self,0,,,,,
2024-12-16,6643,912000,Foreign_Investor,1025230,,,,,
2024-12-16,6643,7000,Investment_Trust,0,,,,,
2024-12-17,6643,32275,Dealer_Hedging,31740,,,,,
2024-12-17,6643,690060,Foreign_Investor,1183652,,,,,
2024-12-17,6643,0,Foreign_Dealer_Self,0,,,,,
2024-12-17,6643,29000,Investment_Trust,0,,,,,
2024-12-17,6643,14000,Dealer_self,3000,,,,,
2024-12-18,6643,0,Investment_Trust,0,,,,,
2024-12-18,6643,6000,Dealer_self,0,,,,,
2024-12-18,6643,283010,Foreign_Investor,356000,,,,,
2024-12-18,6643,0,Foreign_Dealer_Self,0,,,,,
2024-12-18,6643,13028,Dealer_Hedging,14326,,,,,
2024-12-19,6643,19688,Dealer_Hedging,19644,,,,,
2024-12-19,6643,0,Dealer_self,10000,,,,,
2024-12-19,6643,337000,Foreign_Investor,282000,,,,,
2024-12-19,6643,0,Foreign_Dealer_Self,0,,,,,
2024-12-19,6643,0,Investment_Trust,0,,,,,
2024-12-20,6643,229030,Foreign_Investor,455863,,,,,
2024-12-20,6643,0,Foreign_Dealer_Self,0,,,,,
2024-12-20,6643,17000,Investment_Trust,0,,,,,
2024-12-20,6643,14000,Dealer_self,10000,,,,,
2024-12-20,6643,15020,Dealer_Hedging,14315,,,,,
2024-12-23,6643,95000,Foreign_Investor,180000,,,,,
2024-12-23,6643,0,Foreign_Dealer_Self,0,,,,,
2024-12-23,6643,0,Investment_Trust,0,,,,,
2024-12-23,6643,4000,Dealer_self,1000,,,,,
2024-12-23,6643,6501,Dealer_Hedging,6946,,,,,
2024-12-24,6643,5000,Dealer_self,0,,,,,
2024-12-24,6643,0,Investment_Trust,0,,,,,
2024-12-24,6643,14000,Dealer_Hedging,12988,,,,,
2024-12-24,6643,125050,Foreign_Investor,112000,,,,,
2024-12-24,6643,0,Foreign_Dealer_Self,0,,,,,
2024-12-25,6643,185010,Foreign_Investor,113000,,,,,
2024-12-25,6643,0,Foreign_Dealer_Self,0,,,,,
2024-12-25,6643,400,Investment_Trust,0,,,,,
2024-12-25,6643,0,Dealer_self,1000,,,,,
2024-12-25,6643,3731,Dealer_Hedging,4052,,,,,
2024-12-26,6643,10240,Dealer_Hedging,10228,,,,,
2024-12-26,6643,6000,Dealer_self,51000,,,,,
2024-12-26,6643,3000,Investment_Trust,22000,,,,,
2024-12-26,6643,85020,Foreign_Investor,128000,,,,,
2024-12-26,6643,0,Foreign_Dealer_Self,0,,,,,
2024-12-27,6643,164003,Foreign_Investor,271000,,,,,
2024-12-27,6643,0,Foreign_Dealer_Self,0,,,,,
2024-12-27,6643,2000,Investment_Trust,0,,,,,
2024-12-27,6643,4000,Dealer_self,2000,,,,,
2024-12-27,6643,8133,Dealer_Hedging,8453,,,,,
2024-12-30,6643,0,Dealer_self,2000,,,,,
2024-12-30,6643,0,Investment_Trust,0,,,,,
2024-12-30,6643,8362,Dealer_Hedging,8354,,,,,
2024-12-30,6643,34030,Foreign_Investor,64000,,,,,
2024-12-30,6643,0,Foreign_Dealer_Self,0,,,,,
2024-12-31,6643,115010,Foreign_Investor,187341,,,,,
2024-12-31,6643,0,Foreign_Dealer_Self,0,,,,,
2024-12-31,6643,0,Investment_Trust,0,,,,,
2024-12-31,6643,6000,Dealer_self,0,,,,,
2024-12-31,6643,1960,Dealer_Hedging,1590,,,,,
2025-01-02,6643,24000,Dealer_Hedging,23901,,,,,
2025-01-02,6643,1000,Dealer_self,4000,,,,,
2025-01-02,6643,27005,Foreign_Investor,189548,,,,,
2025-01-02,6643,0,Foreign_Dealer_Self,0,,,,,
2025-01-02,6643,0,Investment_Trust,17000,,,,,
2025-01-03,6643,79000,Foreign_Investor,15548,,,,,
2025-01-03,6643,0,Foreign_Dealer_Self,0,,,,,
2025-01-03,6643,0,Investment_Trust,0,,,,,
2025-01-03,6643,0,Dealer_self,0,,,,,
2025-01-03,6643,3625,Dealer_Hedging,3881,,,,,
2025-01-06,6643,4000,Dealer_self,0,,,,,
2025-01-06,6643,31,Dealer_Hedging,492,,,,,
2025-01-06,6643,0,Investment_Trust,5000,,,,,
2025-01-06,6643,187000,Foreign_Investor,63584,,,,,
2025-01-06,6643,0,Foreign_Dealer_Self,0,,,,,
2025-01-07,6643,284001,Foreign_Investor,153548,,,,,
2025-01-07,6643,0,Foreign_Dealer_Self,0,,,,,
2025-01-07,6643,0,Investment_Trust,6000,,,,,
2025-01-07,6643,1000,Dealer_self,4000,,,,,
2025-01-07,6643,3261,Dealer_Hedging,2824,,,,,
2025-01-08,6643,41000,Dealer_Hedging,41626,,,,,
2025-01-08,6643,0,Dealer_self,10000,,,,,
2025-01-08,6643,0,Investment_Trust,0,,,,,
2025-01-08,6643,74015,Foreign_Investor,406948,,,,,
2025-01-08,6643,0,Foreign_Dealer_Self,0,,,,,
2025-01-09,6643,119035,Foreign_Investor,216092,,,,,
2025-01-09,6643,0,Foreign_Dealer_Self,0,,,,,
2025-01-09,6643,0,Investment_Trust,121202,,,,,
2025-01-09,6643,3000,Dealer_self,0,,,,,
2025-01-09,6643,35000,Dealer_Hedging,34523,,,,,
2025-01-10,6643,25000,Dealer_Hedging,24721,,,,,
2025-01-10,6643,2000,Dealer_self,30000,,,,,
2025-01-10,6643,4000,Investment_Trust,0,,,,,
2025-01-10,6643,0,Foreign_Dealer_Self,0,,,,,
2025-01-10,6643,168010,Foreign_Investor,156040,,,,,
2025-01-13,6643,348145,Foreign_Investor,338000,,,,,
2025-01-13,6643,0,Foreign_Dealer_Self,0,,,,,
2025-01-13,6643,6000,Investment_Trust,20000,,,,,
2025-01-13,6643,13000,Dealer_self,22000,,,,,
2025-01-13,6643,65294,Dealer_Hedging,65942,,,,,
2025-01-14,6643,274204,Foreign_Investor,146000,,,,,
2025-01-14,6643,0,Foreign_Dealer_Self,0,,,,,
2025-01-14,6643,1300,Investment_Trust,40000,,,,,
2025-01-14,6643,0,Dealer_self,31000,,,,,
2025-01-14,6643,12278,Dealer_Hedging,12453,,,,,
2025-01-15,6643,0,Dealer_self,0,,,,,
2025-01-15,6643,2000,Investment_Trust,11000,,,,,
2025-01-15,6643,5562,Dealer_Hedging,5028,,,,,
2025-01-15,6643,188050,Foreign_Investor,131548,,,,,
2025-01-15,6643,0,Foreign_Dealer_Self,0,,,,,
2025-01-16,6643,53011,Foreign_Investor,79078,,,,,
2025-01-16,6643,0,Foreign_Dealer_Self,0,,,,,
2025-01-16,6643,0,Investment_Trust,0,,,,,
2025-01-16,6643,0,Dealer_self,0,,,,,
2025-01-16,6643,1241,Dealer_Hedging,1283,,,,,
2025-01-17,6643,6116,Dealer_Hedging,4798,,,,,
2025-01-17,6643,0,Dealer_self,9000,,,,,
2025-01-17,6643,0,Investment_Trust,23800,,,,,
2025-01-17,6643,126020,Foreign_Investor,87553,,,,,
2025-01-17,6643,0,Foreign_Dealer_Self,0,,,,,
2025-01-20,6643,144120,Foreign_Investor,107000,,,,,
2025-01-20,6643,0,Foreign_Dealer_Self,0,,,,,
2025-01-20,6643,0,Investment_Trust,5000,,,,,
2025-01-20,6643,18000,Dealer_self,0,,,,,
2025-01-20,6643,9687,Dealer_Hedging,6025,,,,,
2025-01-21,6643,7000,Dealer_self,0,,,,,
2025-01-21,6643,0,Investment_Trust,0,,,,,
2025-01-21,6643,11234,Dealer_Hedging,7397,,,,,
2025-01-21,6643,300006,Foreign_Investor,166004,,,,,
2025-01-21,6643,0,Foreign_Dealer_Self,0,,,,,
2025-01-22,6643,66184,Foreign_Investor,202177,,,,,
2025-01-22,6643,0,Foreign_Dealer_Self,0,,,,,
2025-01-22,6643,0,Investment_Trust,0,,,,,
2025-01-22,6643,5000,Dealer_self,0,,,,,
2025-01-22,6643,7391,Dealer_Hedging,6642,,,,,
2025-02-03,6643,31030,Dealer_Hedging,20129,,,,,
2025-02-03,6643,0,Dealer_self,0,,,,,
2025-02-03,6643,180011,Foreign_Investor,192033,,,,,
2025-02-03,6643,0,Foreign_Dealer_Self,0,,,,,
2025-02-03,6643,0,Investment_Trust,0,,,,,
2025-02-04,6643,185900,Foreign_Investor,104007,,,,,
2025-02-04,6643,0,Foreign_Dealer_Self,0,,,,,
2025-02-04,6643,0,Investment_Trust,60,,,,,
2025-02-04,6643,4000,Dealer_self,1000,,,,,
2025-02-04,6643,10792,Dealer_Hedging,12198,,,,,
2025-02-05,6643,1000,Dealer_self,3000,,,,,
2025-02-05,6643,12546,Dealer_Hedging,11188,,,,,
2025-02-05,6643,0,Investment_Trust,0,,,,,
2025-02-05,6643,129000,Foreign_Investor,122817,,,,,
2025-02-05,6643,0,Foreign_Dealer_Self,0,,,,,
2025-02-06,6643,146215,Foreign_Investor,175693,,,,,
2025-02-06,6643,0,Foreign_Dealer_Self,0,,,,,
2025-02-06,6643,0,Investment_Trust,0,,,,,
2025-02-06,6643,3000,Dealer_self,0,,,,,
2025-02-06,6643,17442,Dealer_Hedging,12299,,,,,
2025-02-07,6643,22373,Dealer_Hedging,15216,,,,,
2025-02-07,6643,1000,Dealer_self,1015,,,,,
2025-02-07,6643,0,Investment_Trust,0,,,,,
2025-02-07,6643,273000,Foreign_Investor,231040,,,,,
2025-02-07,6643,0,Foreign_Dealer_Self,0,,,,,
2025-02-10,6643,177000,Foreign_Investor,209694,,,,,
2025-02-10,6643,0,Foreign_Dealer_Self,0,,,,,
2025-02-10,6643,0,Investment_Trust,0,,,,,
2025-02-10,6643,1000,Dealer_self,1000,,,,,
2025-02-10,6643,4861,Dealer_Hedging,17465,,,,,
2025-02-11,6643,1000,Dealer_self,1000,,,,,
2025-02-11,6643,0,Investment_Trust,0,,,,,
2025-02-11,6643,3517,Dealer_Hedging,9587,,,,,
2025-02-11,6643,38610,Foreign_Investor,96787,,,,,
2025-02-11,6643,0,Foreign_Dealer_Self,0,,,,,
2025-02-12,6643,52167,Foreign_Investor,42000,,,,,
2025-02-12,6643,0,Foreign_Dealer_Self,0,,,,,
2025-02-12,6643,0,Investment_Trust,0,,,,,
2025-02-12,6643,0,Dealer_self,2000,,,,,
2025-02-12,6643,1020,Dealer_Hedging,3281,,,,,
2025-02-13,6643,1082000,Foreign_Investor,478787,,,,,
2025-02-13,6643,0,Foreign_Dealer_Self,0,,,,,
2025-02-13,6643,12000,Dealer_self,0,,,,,
2025-02-13,6643,85094,Dealer_Hedging,63839,,,,,
2025-02-13,6643,11100,Investment_Trust,0,,,,,
2025-02-14,6643,26346,Dealer_Hedging,31285,,,,,
2025-02-14,6643,8000,Dealer_self,4000,,,,,
2025-02-14,6643,52000,Investment_Trust,0,,,,,
2025-02-14,6643,864000,Foreign_Investor,812723,,,,,
2025-02-14,6643,0,Foreign_Dealer_Self,0,,,,,
2025-02-17,6643,357031,Foreign_Investor,583817,,,,,
2025-02-17,6643,0,Foreign_Dealer_Self,0,,,,,
2025-02-17,6643,3000,Dealer_self,9000,,,,,
2025-02-17,6643,25879,Dealer_Hedging,26906,,,,,
2025-02-17,6643,35200,Investment_Trust,0,,,,,
2025-02-18,6643,30000,Investment_Trust,0,,,,,
2025-02-18,6643,26502,Dealer_Hedging,17540,,,,,
2025-02-18,6643,33000,Dealer_self,0,,,,,
2025-02-18,6643,438001,Foreign_Investor,333000,,,,,
2025-02-18,6643,0,Foreign_Dealer_Self,0,,,,,
2025-02-19,6643,935000,Foreign_Investor,562360,,,,,
2025-02-19,6643,0,Foreign_Dealer_Self,0,,,,,
2025-02-19,6643,10000,Dealer_self,1000,,,,,
2025-02-19,6643,62148,Dealer_Hedging,52859,,,,,
2025-02-19,6643,86000,Investment_Trust,0,,,,,
2025-02-20,6643,5000,Dealer_self,8000,,,,,
2025-02-20,6643,0,Investment_Trust,0,,,,,
2025-02-20,6643,15134,Dealer_Hedging,28469,,,,,
2025-02-20,6643,334252,Foreign_Investor,322000,,,,,
2025-02-20,6643,0,Foreign_Dealer_Self,0,,,,,
2025-02-21,6643,238401,Foreign_Investor,153000,,,,,
2025-02-21,6643,0,Foreign_Dealer_Self,0,,,,,
2025-02-21,6643,0,Dealer_self,40000,,,,,
2025-02-21,6643,3813,Dealer_Hedging,12572,,,,,
2025-02-21,6643,1000,Investment_Trust,0,,,,,
2025-02-24,6643,24273,Dealer_Hedging,7670,,,,,
2025-02-24,6643,2000,Dealer_self,0,,,,,
2025-02-24,6643,190150,Foreign_Investor,88216,,,,,
2025-02-24,6643,0,Foreign_Dealer_Self,0,,,,,
2025-02-24,6643,0,Investment_Trust,0,,,,,
2025-02-25,6643,73100,Foreign_Investor,235100,,,,,
2025-02-25,6643,0,Foreign_Dealer_Self,0,,,,,
2025-02-25,6643,0,Dealer_self,1000,,,,,
2025-02-25,6643,17000,Dealer_Hedging,32042,,,,,
2025-02-25,6643,30000,Investment_Trust,0,,,,,
2025-02-26,6643,2000,Dealer_self,7000,,,,,
2025-02-26,6643,22688,Dealer_Hedging,22401,,,,,
2025-02-26,6643,0,Investment_Trust,0,,,,,
2025-02-26,6643,197012,Foreign_Investor,241025,,,,,
2025-02-26,6643,0,Foreign_Dealer_Self,0,,,,,
2025-02-27,6643,348372,Foreign_Investor,192629,,,,,
2025-02-27,6643,0,Foreign_Dealer_Self,0,,,,,
2025-02-27,6643,0,Investment_Trust,0,,,,,
2025-02-27,6643,7000,Dealer_self,4000,,,,,
2025-02-27,6643,10969,Dealer_Hedging,9142,,,,,
2025-03-03,6643,2076,Dealer_Hedging,6995,,,,,
2025-03-03,6643,3000,Dealer_self,5000,,,,,
2025-03-03,6643,0,Investment_Trust,0,,,,,
2025-03-03,6643,101202,Foreign_Investor,93400,,,,,
2025-03-03,6643,0,Foreign_Dealer_Self,0,,,,,
2025-03-04,6643,232041,Foreign_Investor,473000,,,,,
2025-03-04,6643,0,Foreign_Dealer_Self,0,,,,,
2025-03-04,6643,0,Investment_Trust,0,,,,,
2025-03-04,6643,0,Dealer_self,1000,,,,,
2025-03-04,6643,19033,Dealer_Hedging,17926,,,,,
2025-03-05,6643,0,Dealer_self,0,,,,,
2025-03-05,6643,0,Investment_Trust,100,,,,,
2025-03-05,6643,11868,Dealer_Hedging,4576,,,,,
2025-03-05,6643,229000,Foreign_Investor,289150,,,,,
2025-03-05,6643,0,Foreign_Dealer_Self,0,,,,,
2025-03-06,6643,140000,Foreign_Investor,146000,,,,,
2025-03-06,6643,0,Foreign_Dealer_Self,0,,,,,
2025-03-06,6643,0,Investment_Trust,0,,,,,
2025-03-06,6643,8000,Dealer_self,0,,,,,
2025-03-06,6643,2150,Dealer_Hedging,7347,,,,,
2025-03-07,6643,172070,Foreign_Investor,381000,,,,,
2025-03-07,6643,0,Foreign_Dealer_Self,0,,,,,
2025-03-07,6643,0,Investment_Trust,100,,,,,
2025-03-07,6643,7000,Dealer_self,1000,,,,,
2025-03-07,6643,30106,Dealer_Hedging,21821,,,,,
2025-03-10,6643,202000,Foreign_Investor,144000,,,,,
2025-03-10,6643,0,Foreign_Dealer_Self,0,,,,,
2025-03-10,6643,0,Investment_Trust,0,,,,,
2025-03-10,6643,0,Dealer_self,11000,,,,,
2025-03-10,6643,4502,Dealer_Hedging,4397,,,,,
2025-03-11,6643,15042,Dealer_Hedging,18235,,,,,
2025-03-11,6643,0,Dealer_self,0,,,,,
2025-03-11,6643,0,Investment_Trust,0,,,,,
2025-03-11,6643,225006,Foreign_Investor,214000,,,,,
2025-03-11,6643,0,Foreign_Dealer_Self,0,,,,,
2025-03-12,6643,117757,Foreign_Investor,114000,,,,,
2025-03-12,6643,0,Foreign_Dealer_Self,0,,,,,
2025-03-12,6643,0,Investment_Trust,0,,,,,
2025-03-12,6643,0,Dealer_self,3000,,,,,
2025-03-12,6643,10037,Dealer_Hedging,9260,,,,,
2025-03-13,6643,18629,Dealer_Hedging,11722,,,,,
2025-03-13,6643,1000,Dealer_self,0,,,,,
2025-03-13,6643,0,Foreign_Dealer_Self,0,,,,,
2025-03-13,6643,362000,Foreign_Investor,193000,,,,,
2025-03-13,6643,0,Investment_Trust,0,,,,,
2025-03-14,6643,98120,Foreign_Investor,163000,,,,,
2025-03-14,6643,0,Foreign_Dealer_Self,0,,,,,
2025-03-14,6643,1000,Dealer_self,1000,,,,,
2025-03-14,6643,5300,Dealer_Hedging,5371,,,,,
2025-03-14,6643,35000,Investment_Trust,0,,,,,
2025-03-17,6643,23000,Investment_Trust,0,,,,,
2025-03-17,6643,12251,Dealer_Hedging,16700,,,,,
2025-03-17,6643,0,Dealer_self,2000,,,,,
2025-03-17,6643,166010,Foreign_Investor,503482,,,,,
2025-03-17,6643,0,Foreign_Dealer_Self,0,,,,,
2025-03-18,6643,318000,Foreign_Investor,52000,,,,,
2025-03-18,6643,0,Foreign_Dealer_Self,0,,,,,
2025-03-18,6643,0,Investment_Trust,0,,,,,
2025-03-18,6643,1000,Dealer_self,1000,,,,,
2025-03-18,6643,11044,Dealer_Hedging,5631,,,,,
2025-03-19,6643,9870,Dealer_Hedging,7454,,,,,
2025-03-19,6643,0,Dealer_self,1000,,,,,
2025-03-19,6643,106000,Foreign_Investor,61000,,,,,
2025-03-19,6643,0,Foreign_Dealer_Self,0,,,,,
2025-03-19,6643,0,Investment_Trust,0,,,,,
2025-03-20,6643,109000,Foreign_Investor,359000,,,,,
2025-03-20,6643,0,Foreign_Dealer_Self,0,,,,,
2025-03-20,6643,0,Investment_Trust,97000,,,,,
2025-03-20,6643,1000,Dealer_self,8000,,,,,
2025-03-20,6643,17228,Dealer_Hedging,19474,,,,,
2025-03-21,6643,17017,Dealer_Hedging,25034,,,,,
2025-03-21,6643,147115,Foreign_Investor,115000,,,,,
2025-03-21,6643,0,Dealer_self,0,,,,,
2025-03-21,6643,0,Foreign_Dealer_Self,0,,,,,
2025-03-21,6643,0,Investment_Trust,73803,,,,,
2025-03-24,6643,132056,Foreign_Investor,51000,,,,,
2025-03-24,6643,0,Foreign_Dealer_Self,0,,,,,
2025-03-24,6643,0,Investment_Trust,0,,,,,
2025-03-24,6643,0,Dealer_self,0,,,,,
2025-03-24,6643,10672,Dealer_Hedging,9766,,,,,
2025-03-25,6643,1102,Dealer_Hedging,3733,,,,,
2025-03-25,6643,0,Dealer_self,0,,,,,
2025-03-25,6643,0,Investment_Trust,60004,,,,,
2025-03-25,6643,129000,Foreign_Investor,47000,,,,,
2025-03-25,6643,0,Foreign_Dealer_Self,0,,,,,
2025-03-26,6643,50100,Foreign_Investor,33000,,,,,
2025-03-26,6643,0,Foreign_Dealer_Self,0,,,,,
2025-03-26,6643,0,Investment_Trust,0,,,,,
2025-03-26,6643,0,Dealer_self,6000,,,,,
2025-03-26,6643,2275,Dealer_Hedging,3000,,,,,
2025-03-27,6643,3152,Dealer_Hedging,3945,,,,,
2025-03-27,6643,0,Dealer_self,0,,,,,
2025-03-27,6643,0,Investment_Trust,0,,,,,
2025-03-27,6643,0,Foreign_Dealer_Self,0,,,,,
2025-03-27,6643,57000,Foreign_Investor,39000,,,,,
2025-03-28,6643,80006,Foreign_Investor,194000,,,,,
2025-03-28,6643,0,Foreign_Dealer_Self,0,,,,,
2025-03-28,6643,0,Investment_Trust,0,,,,,
2025-03-28,6643,0,Dealer_self,2000,,,,,
2025-03-28,6643,24602,Dealer_Hedging,24979,,,,,
2025-03-31,6643,219025,Foreign_Investor,239128,,,,,
2025-03-31,6643,0,Foreign_Dealer_Self,0,,,,,
2025-03-31,6643,0,Investment_Trust,0,,,,,
2025-03-31,6643,0,Dealer_self,0,,,,,
2025-03-31,6643,38000,Dealer_Hedging,40110,,,,,
2025-04-01,6643,0,Dealer_self,2000,,,,,
2025-04-01,6643,0,Investment_Trust,3961,,,,,
2025-04-01,6643,17085,Dealer_Hedging,9371,,,,,
2025-04-01,6643,391100,Foreign_Investor,234000,,,,,
2025-04-01,6643,0,Foreign_Dealer_Self,0,,,,,
2025-04-02,6643,196007,Foreign_Investor,129025,,,,,
2025-04-02,6643,0,Foreign_Dealer_Self,0,,,,,
2025-04-02,6643,0,Investment_Trust,12000,,,,,
2025-04-02,6643,0,Dealer_self,20000,,,,,
2025-04-02,6643,8058,Dealer_Hedging,10101,,,,,
2025-04-07,6643,0,Dealer_Hedging,0,,,,,
2025-04-07,6643,0,Dealer_self,0,,,,,
2025-04-07,6643,0,Investment_Trust,0,,,,,
2025-04-07,6643,4000,Foreign_Investor,0,,,,,
2025-04-07,6643,0,Foreign_Dealer_Self,0,,,,,
2025-04-08,6643,9008,Foreign_Investor,2017,,,,,
2025-04-08,6643,0,Foreign_Dealer_Self,0,,,,,
2025-04-08,6643,0,Investment_Trust,0,,,,,
2025-04-08,6643,0,Dealer_self,0,,,,,
2025-04-08,6643,0,Dealer_Hedging,1001,,,,,
2025-04-09,6643,0,Dealer_self,0,,,,,
2025-04-09,6643,0,Investment_Trust,0,,,,,
2025-04-09,6643,0,Dealer_Hedging,5201,,,,,
2025-04-09,6643,40000,Foreign_Investor,1000,,,,,
2025-04-09,6643,0,Foreign_Dealer_Self,0,,,,,
2025-04-10,6643,270000,Foreign_Investor,343000,,,,,
2025-04-10,6643,0,Foreign_Dealer_Self,0,,,,,
2025-04-10,6643,0,Investment_Trust,0,,,,,
2025-04-10,6643,0,Dealer_self,0,,,,,
2025-04-10,6643,0,Dealer_Hedging,434,,,,,
2025-04-11,6643,30405,Dealer_Hedging,29002,,,,,
2025-04-11,6643,1000,Dealer_self,0,,,,,
2025-04-11,6643,769001,Foreign_Investor,382002,,,,,
2025-04-11,6643,0,Foreign_Dealer_Self,0,,,,,
2025-04-11,6643,0,Investment_Trust,0,,,,,
2025-04-14,6643,797210,Foreign_Investor,484000,,,,,
2025-04-14,6643,0,Foreign_Dealer_Self,0,,,,,
2025-04-14,6643,0,Investment_Trust,0,,,,,
2025-04-14,6643,0,Dealer_self,0,,,,,
2025-04-14,6643,23959,Dealer_Hedging,23880,,,,,
2025-04-15,6643,1000,Dealer_self,0,,,,,
2025-04-15,6643,19471,Dealer_Hedging,13277,,,,,
2025-04-15,6643,0,Investment_Trust,0,,,,,
2025-04-15,6643,371050,Foreign_Investor,300000,,,,,
2025-04-15,6643,0,Foreign_Dealer_Self,0,,,,,
2025-04-16,6643,161610,Foreign_Investor,138000,,,,,
2025-04-16,6643,0,Foreign_Dealer_Self,0,,,,,
2025-04-16,6643,0,Investment_Trust,0,,,,,
2025-04-16,6643,0,Dealer_self,0,,,,,
2025-04-16,6643,4321,Dealer_Hedging,5366,,,,,
2025-04-17,6643,15577,Dealer_Hedging,5944,,,,,
2025-04-17,6643,0,Dealer_self,0,,,,,
2025-04-17,6643,0,Investment_Trust,101,,,,,
2025-04-17,6643,287000,Foreign_Investor,162000,,,,,
2025-04-17,6643,0,Foreign_Dealer_Self,0,,,,,
2025-04-18,6643,91000,Foreign_Investor,165000,,,,,
2025-04-18,6643,0,Foreign_Dealer_Self,0,,,,,
2025-04-18,6643,1314,Investment_Trust,0,,,,,
2025-04-18,6643,0,Dealer_self,0,,,,,
2025-04-18,6643,7295,Dealer_Hedging,11752,,,,,
2025-04-21,6643,13576,Dealer_Hedging,21367,,,,,
2025-04-21,6643,0,Dealer_self,0,,,,,
2025-04-21,6643,0,Investment_Trust,0,,,,,
2025-04-21,6643,0,Foreign_Dealer_Self,0,,,,,
2025-04-21,6643,381004,Foreign_Investor,366000,,,,,
2025-04-22,6643,533000,Foreign_Investor,210000,,,,,
2025-04-22,6643,0,Foreign_Dealer_Self,0,,,,,
2025-04-22,6643,0,Dealer_self,0,,,,,
2025-04-22,6643,4033,Dealer_Hedging,5483,,,,,
2025-04-22,6643,0,Investment_Trust,129000,,,,,
2025-04-23,6643,265000,Foreign_Investor,404881,,,,,
2025-04-23,6643,0,Foreign_Dealer_Self,0,,,,,
2025-04-23,6643,0,Dealer_self,0,,,,,
2025-04-23,6643,3868,Dealer_Hedging,546,,,,,
2025-04-23,6643,0,Investment_Trust,11000,,,,,
2025-04-24,6643,2000,Dealer_Hedging,2558,,,,,
2025-04-24,6643,6000,Dealer_self,0,,,,,
2025-04-24,6643,0,Investment_Trust,120000,,,,,
2025-04-24,6643,261000,Foreign_Investor,128000,,,,,
2025-04-24,6643,0,Foreign_Dealer_Self,0,,,,,
2025-04-25,6643,480150,Foreign_Investor,266000,,,,,
2025-04-25,6643,0,Foreign_Dealer_Self,0,,,,,
2025-04-25,6643,0,Dealer_self,0,,,,,
2025-04-25,6643,11327,Dealer_Hedging,6819,,,,,
2025-04-25,6643,0,Investment_Trust,74000,,,,,
2025-04-28,6643,0,Investment_Trust,9000,,,,,
2025-04-28,6643,6726,Dealer_Hedging,6072,,,,,
2025-04-28,6643,0,Dealer_self,0,,,,,
2025-04-28,6643,241000,Foreign_Investor,242200,,,,,
2025-04-28,6643,0,Foreign_Dealer_Self,0,,,,,
2025-04-29,6643,242000,Foreign_Investor,186000,,,,,
2025-04-29,6643,0,Foreign_Dealer_Self,0,,,,,
2025-04-29,6643,0,Investment_Trust,25000,,,,,
2025-04-29,6643,0,Dealer_self,1000,,,,,
2025-04-29,6643,7282,Dealer_Hedging,1937,,,,,
2025-04-30,6643,0,Dealer_self,0,,,,,
2025-04-30,6643,0,Investment_Trust,15000,,,,,
2025-04-30,6643,1885,Dealer_Hedging,7404,,,,,
2025-04-30,6643,147400,Foreign_Investor,119000,,,,,
2025-04-30,6643,0,Foreign_Dealer_Self,0,,,,,
2025-05-02,6643,265484,Foreign_Investor,132000,,,,,
2025-05-02,6643,0,Foreign_Dealer_Self,0,,,,,
2025-05-02,6643,0,Investment_Trust,0,,,,,
2025-05-02,6643,0,Dealer_self,0,,,,,
2025-05-02,6643,12115,Dealer_Hedging,8101,,,,,
2025-05-05,6643,9475,Dealer_Hedging,20755,,,,,
2025-05-05,6643,0,Dealer_self,0,,,,,
2025-05-05,6643,213000,Foreign_Investor,272040,,,,,
2025-05-05,6643,0,Foreign_Dealer_Self,0,,,,,
2025-05-05,6643,0,Investment_Trust,0,,,,,
2025-05-06,6643,247242,Foreign_Investor,144000,,,,,
2025-05-06,6643,0,Foreign_Dealer_Self,0,,,,,
2025-05-06,6643,0,Investment_Trust,0,,,,,
2025-05-06,6643,0,Dealer_self,0,,,,,
2025-05-06,6643,4651,Dealer_Hedging,2809,,,,,
2025-05-07,6643,0,Dealer_self,0,,,,,
2025-05-07,6643,40523,Dealer_Hedging,40168,,,,,
2025-05-07,6643,0,Investment_Trust,0,,,,,
2025-05-07,6643,295130,Foreign_Investor,810000,,,,,
2025-05-07,6643,0,Foreign_Dealer_Self,0,,,,,
2025-05-08,6643,456124,Foreign_Investor,222000,,,,,
2025-05-08,6643,0,Foreign_Dealer_Self,0,,,,,
2025-05-08,6643,0,Investment_Trust,0,,,,,
2025-05-08,6643,0,Dealer_self,0,,,,,
2025-05-08,6643,7271,Dealer_Hedging,5145,,,,,
2025-05-09,6643,7051,Dealer_Hedging,5365,,,,,
2025-05-09,6643,0,Dealer_self,0,,,,,
2025-05-09,6643,0,Investment_Trust,0,,,,,
2025-05-09,6643,726030,Foreign_Investor,658000,,,,,
2025-05-09,6643,0,Foreign_Dealer_Self,0,,,,,
2025-05-12,6643,333000,Foreign_Investor,119120,,,,,
2025-05-12,6643,0,Foreign_Dealer_Self,0,,,,,
2025-05-12,6643,9000,Investment_Trust,0,,,,,
2025-05-12,6643,0,Dealer_self,0,,,,,
2025-05-12,6643,13783,Dealer_Hedging,3368,,,,,
2025-05-13,6643,0,Dealer_self,0,,,,,
2025-05-13,6643,6000,Investment_Trust,0,,,,,
2025-05-13,6643,5850,Dealer_Hedging,9673,,,,,
2025-05-13,6643,188000,Foreign_Investor,167000,,,,,
2025-05-13,6643,0,Foreign_Dealer_Self,0,,,,,
2025-05-14,6643,262010,Foreign_Investor,377000,,,,,
2025-05-14,6643,0,Foreign_Dealer_Self,0,,,,,
2025-05-14,6643,0,Investment_Trust,0,,,,,
2025-05-14,6643,4000,Dealer_self,0,,,,,
2025-05-14,6643,16831,Dealer_Hedging,2496,,,,,
2025-05-15,6643,106010,Foreign_Investor,230000,,,,,
2025-05-15,6643,0,Foreign_Dealer_Self,0,,,,,
2025-05-15,6643,0,Investment_Trust,0,,,,,
2025-05-15,6643,0,Dealer_self,5000,,,,,
2025-05-15,6643,11776,Dealer_Hedging,16281,,,,,
2025-05-16,6643,0,Dealer_self,0,,,,,
2025-05-16,6643,0,Investment_Trust,0,,,,,
2025-05-16,6643,10039,Dealer_Hedging,6224,,,,,
2025-05-16,6643,138030,Foreign_Investor,140000,,,,,
2025-05-16,6643,0,Foreign_Dealer_Self,0,,,,,
2025-05-19,6643,54000,Foreign_Investor,201240,,,,,
2025-05-19,6643,0,Foreign_Dealer_Self,0,,,,,
2025-05-19,6643,0,Investment_Trust,1000,,,,,
2025-05-19,6643,0,Dealer_self,0,,,,,
2025-05-19,6643,10000,Dealer_Hedging,15462,,,,,
2025-05-20,6643,12450,Dealer_Hedging,9760,,,,,
2025-05-20,6643,0,Dealer_self,0,,,,,
2025-05-20,6643,0,Investment_Trust,1000,,,,,
2025-05-20,6643,152050,Foreign_Investor,174000,,,,,
2025-05-20,6643,0,Foreign_Dealer_Self,0,,,,,
2025-05-21,6643,62000,Foreign_Investor,153000,,,,,
2025-05-21,6643,0,Foreign_Dealer_Self,0,,,,,
2025-05-21,6643,0,Investment_Trust,0,,,,,
2025-05-21,6643,0,Dealer_self,0,,,,,
2025-05-21,6643,6090,Dealer_Hedging,7031,,,,,
2025-05-22,6643,0,Dealer_self,0,,,,,
2025-05-22,6643,0,Investment_Trust,1600,,,,,
2025-05-22,6643,4075,Dealer_Hedging,7204,,,,,
2025-05-22,6643,64000,Foreign_Investor,85060,,,,,
2025-05-22,6643,0,Foreign_Dealer_Self,0,,,,,
2025-05-23,6643,52000,Foreign_Investor,82000,,,,,
2025-05-23,6643,0,Foreign_Dealer_Self,0,,,,,
2025-05-23,6643,0,Investment_Trust,0,,,,,
2025-05-23,6643,0,Dealer_self,0,,,,,
2025-05-23,6643,6000,Dealer_Hedging,6893,,,,,
2025-05-26,6643,4603,Dealer_Hedging,7119,,,,,
2025-05-26,6643,0,Dealer_self,0,,,,,
2025-05-26,6643,47071,Foreign_Investor,104000,,,,,
2025-05-26,6643,0,Foreign_Dealer_Self,0,,,,,
2025-05-26,6643,0,Investment_Trust,0,,,,,
2025-05-27,6643,56010,Foreign_Investor,81000,,,,,
2025-05-27,6643,0,Foreign_Dealer_Self,0,,,,,
2025-05-27,6643,0,Investment_Trust,0,,,,,
2025-05-27,6643,0,Dealer_self,0,,,,,
2025-05-27,6643,8000,Dealer_Hedging,6962,,,,,
2025-05-28,6643,0,Dealer_self,0,,,,,
2025-05-28,6643,1085,Dealer_Hedging,1996,,,,,
2025-05-28,6643,0,Investment_Trust,0,,,,,
2025-05-28,6643,89626,Foreign_Investor,50000,,,,,
2025-05-28,6643,0,Foreign_Dealer_Self,0,,,,,
2025-05-29,6643,31066,Foreign_Investor,74342,,,,,
2025-05-29,6643,0,Foreign_Dealer_Self,0,,,,,
2025-05-29,6643,0,Investment_Trust,0,,,,,
2025-05-29,6643,0,Dealer_self,0,,,,,
2025-05-29,6643,1000,Dealer_Hedging,1017,,,,,
2025-06-02,6643,20000,Dealer_Hedging,22517,,,,,
2025-06-02,6643,2000,Dealer_self,0,,,,,
2025-06-02,6643,0,Investment_Trust,0,,,,,
2025-06-02,6643,148007,Foreign_Investor,200017,,,,,
2025-06-02,6643,0,Foreign_Dealer_Self,0,,,,,
2025-06-03,6643,118010,Foreign_Investor,73000,,,,,
2025-06-03,6643,0,Foreign_Dealer_Self,0,,,,,
2025-06-03,6643,0,Investment_Trust,54000,,,,,
2025-06-03,6643,1000,Dealer_self,1000,,,,,
2025-06-03,6643,4246,Dealer_Hedging,2559,,,,,
2025-06-04,6643,0,Dealer_self,1000,,,,,
2025-06-04,6643,0,Investment_Trust,54600,,,,,
2025-06-04,6643,7247,Dealer_Hedging,7456,,,,,
2025-06-04,6643,107100,Foreign_Investor,67050,,,,,
2025-06-04,6643,0,Foreign_Dealer_Self,0,,,,,
2025-06-05,6643,70000,Foreign_Investor,44225,,,,,
2025-06-05,6643,0,Foreign_Dealer_Self,0,,,,,
2025-06-05,6643,0,Investment_Trust,0,,,,,
2025-06-05,6643,0,Dealer_self,0,,,,,
2025-06-05,6643,1283,Dealer_Hedging,61,,,,,
2025-06-06,6643,81832,Foreign_Investor,143450,,,,,
2025-06-06,6643,0,Foreign_Dealer_Self,0,,,,,
2025-06-06,6643,0,Investment_Trust,0,,,,,
2025-06-06,6643,2000,Dealer_self,1000,,,,,
2025-06-06,6643,14006,Dealer_Hedging,8202,,,,,
2025-06-09,6643,69064,Foreign_Investor,82000,,,,,
2025-06-09,6643,0,Foreign_Dealer_Self,0,,,,,
2025-06-09,6643,0,Investment_Trust,0,,,,,
2025-06-09,6643,0,Dealer_self,2000,,,,,
2025-06-09,6643,1673,Dealer_Hedging,1193,,,,,
2025-06-10,6643,15058,Dealer_Hedging,15830,,,,,
2025-06-10,6643,0,Dealer_self,0,,,,,
2025-06-10,6643,0,Investment_Trust,1000,,,,,
2025-06-10,6643,66000,Foreign_Investor,270640,,,,,
2025-06-10,6643,0,Foreign_Dealer_Self,0,,,,,
2025-06-11,6643,477000,Foreign_Investor,171744,,,,,
2025-06-11,6643,0,Foreign_Dealer_Self,0,,,,,
2025-06-11,6643,0,Investment_Trust,0,,,,,
2025-06-11,6643,0,Dealer_self,0,,,,,
2025-06-11,6643,21411,Dealer_Hedging,8644,,,,,
2025-06-12,6643,8000,Dealer_Hedging,8447,,,,,
2025-06-12,6643,0,Dealer_self,0,,,,,
2025-06-12,6643,0,Foreign_Dealer_Self,0,,,,,
2025-06-12,6643,44010,Foreign_Investor,203000,,,,,
2025-06-12,6643,0,Investment_Trust,0,,,,,
2025-06-13,6643,132000,Foreign_Investor,289000,,,,,
2025-06-13,6643,0,Foreign_Dealer_Self,0,,,,,
2025-06-13,6643,0,Investment_Trust,0,,,,,
2025-06-13,6643,0,Dealer_self,1000,,,,,
2025-06-13,6643,17000,Dealer_Hedging,20821,,,,,
2025-06-16,6643,5391,Dealer_Hedging,7332,,,,,
2025-06-16,6643,0,Dealer_self,0,,,,,
2025-06-16,6643,0,Investment_Trust,0,,,,,
2025-06-16,6643,49000,Foreign_Investor,111000,,,,,
2025-06-16,6643,0,Foreign_Dealer_Self,0,,,,,
2025-06-17,6643,191020,Foreign_Investor,141000,,,,,
2025-06-17,6643,0,Foreign_Dealer_Self,0,,,,,
2025-06-17,6643,0,Investment_Trust,0,,,,,
2025-06-17,6643,0,Dealer_self,0,,,,,
2025-06-17,6643,9888,Dealer_Hedging,6297,,,,,
2025-06-18,6643,0,Dealer_Hedging,1186,,,,,
2025-06-18,6643,0,Dealer_self,0,,,,,
2025-06-18,6643,18000,Foreign_Investor,81000,,,,,
2025-06-18,6643,0,Foreign_Dealer_Self,0,,,,,
2025-06-18,6643,0,Investment_Trust,0,,,,,
2025-06-19,6643,94008,Foreign_Investor,179000,,,,,
2025-06-19,6643,0,Foreign_Dealer_Self,0,,,,,
2025-06-19,6643,0,Investment_Trust,0,,,,,
2025-06-19,6643,0,Dealer_self,6000,,,,,
2025-06-19,6643,3188,Dealer_Hedging,7051,,,,,
2025-06-20,6643,0,Dealer_self,0,,,,,
2025-06-20,6643,6095,Dealer_Hedging,11193,,,,,
2025-06-20,6643,0,Investment_Trust,0,,,,,
2025-06-20,6643,166010,Foreign_Investor,195000,,,,,
2025-06-20,6643,0,Foreign_Dealer_Self,0,,,,,
2025-06-23,6643,122000,Foreign_Investor,118000,,,,,
2025-06-23,6643,0,Foreign_Dealer_Self,0,,,,,
2025-06-23,6643,0,Investment_Trust,0,,,,,
2025-06-23,6643,0,Dealer_self,0,,,,,
2025-06-23,6643,27795,Dealer_Hedging,4608,,,,,
2025-06-24,6643,35808,Dealer_Hedging,17326,,,,,
2025-06-24,6643,0,Dealer_self,0,,,,,
2025-06-24,6643,0,Investment_Trust,0,,,,,
2025-06-24,6643,620093,Foreign_Investor,174020,,,,,
2025-06-24,6643,0,Foreign_Dealer_Self,0,,,,,
2025-06-25,6643,203000,Foreign_Investor,208000,,,,,
2025-06-25,6643,0,Foreign_Dealer_Self,0,,,,,
2025-06-25,6643,0,Investment_Trust,0,,,,,
2025-06-25,6643,0,Dealer_self,0,,,,,
2025-06-25,6643,9930,Dealer_Hedging,10137,,,,,
2025-06-26,6643,459,Dealer_Hedging,5156,,,,,
2025-06-26,6643,0,Investment_Trust,0,,,,,
2025-06-26,6643,0,Dealer_self,0,,,,,
2025-06-26,6643,0,Foreign_Dealer_Self,0,,,,,
2025-06-26,6643,36057,Foreign_Investor,123600,,,,,
2025-06-27,6643,260003,Foreign_Investor,325010,,,,,
2025-06-27,6643,0,Foreign_Dealer_Self,0,,,,,
2025-06-27,6643,0,Investment_Trust,0,,,,,
2025-06-27,6643,9000,Dealer_self,0,,,,,
2025-06-27,6643,26873,Dealer_Hedging,8027,,,,,
2025-06-30,6643,76789,Foreign_Investor,292030,,,,,
2025-06-30,6643,0,Foreign_Dealer_Self,0,,,,,
2025-06-30,6643,0,Investment_Trust,0,,,,,
2025-06-30,6643,0,Dealer_self,0,,,,,
2025-06-30,6643,9809,Dealer_Hedging,14131,,,,,
2025-07-01,6643,0,Dealer_self,3000,,,,,
2025-07-01,6643,0,Investment_Trust,0,,,,,
2025-07-01,6643,4000,Dealer_Hedging,9684,,,,,
2025-07-01,6643,103000,Foreign_Investor,60989,,,,,
2025-07-01,6643,0,Foreign_Dealer_Self,0,,,,,
2025-07-02,6643,671068,Foreign_Investor,331100,,,,,
2025-07-02,6643,0,Foreign_Dealer_Self,0,,,,,
2025-07-02,6643,0,Investment_Trust,0,,,,,
2025-07-02,6643,3000,Dealer_self,0,,,,,
2025-07-02,6643,46031,Dealer_Hedging,11908,,,,,
2025-07-03,6643,40140,Dealer_Hedging,37451,,,,,
2025-07-03,6643,0,Dealer_self,0,,,,,
2025-07-03,6643,0,Investment_Trust,0,,,,,
2025-07-03,6643,95000,Foreign_Investor,797000,,,,,
2025-07-03,6643,0,Foreign_Dealer_Self,0,,,,,
2025-07-04,6643,91494,Foreign_Investor,377000,,,,,
2025-07-04,6643,0,Foreign_Dealer_Self,0,,,,,
2025-07-04,6643,0,Investment_Trust,0,,,,,
2025-07-04,6643,0,Dealer_self,9000,,,,,
2025-07-04,6643,26000,Dealer_Hedging,59471,,,,,
2025-07-07,6643,0,Dealer_self,0,,,,,
2025-07-07,6643,0,Investment_Trust,0,,,,,
2025-07-07,6643,14236,Dealer_Hedging,15724,,,,,
2025-07-07,6643,83943,Foreign_Investor,161804,,,,,
2025-07-07,6643,0,Foreign_Dealer_Self,0,,,,,
2025-07-08,6643,145409,Foreign_Investor,251006,,,,,
2025-07-08,6643,0,Foreign_Dealer_Self,0,,,,,
2025-07-08,6643,0,Investment_Trust,0,,,,,
2025-07-08,6643,0,Dealer_self,0,,,,,
2025-07-08,6643,22347,Dealer_Hedging,23360,,,,,
2025-07-09,6643,13128,Dealer_Hedging,11578,,,,,
2025-07-09,6643,0,Dealer_self,0,,,,,
2025-07-09,6643,53981,Foreign_Investor,227001,,,,,
2025-07-09,6643,0,Foreign_Dealer_Self,0,,,,,
2025-07-09,6643,0,Investment_Trust,0,,,,,
2025-07-10,6643,795587,Foreign_Investor,205000,,,,,
2025-07-10,6643,0,Foreign_Dealer_Self,0,,,,,
2025-07-10,6643,0,Investment_Trust,0,,,,,
2025-07-10,6643,0,Dealer_self,0,,,,,
2025-07-10,6643,46455,Dealer_Hedging,17707,,,,,
2025-07-11,6643,4000,Dealer_self,0,,,,,
2025-07-11,6643,8020,Dealer_Hedging,16437,,,,,
2025-07-11,6643,0,Investment_Trust,0,,,,,
2025-07-11,6643,644057,Foreign_Investor,478841,,,,,
2025-07-11,6643,0,Foreign_Dealer_Self,0,,,,,
2025-07-14,6643,71016,Foreign_Investor,507000,,,,,
2025-07-14,6643,0,Foreign_Dealer_Self,0,,,,,
2025-07-14,6643,0,Investment_Trust,0,,,,,
2025-07-14,6643,6000,Dealer_self,10000,,,,,
2025-07-14,6643,13000,Dealer_Hedging,24800,,,,,
2025-07-15,6643,9126,Dealer_Hedging,7252,,,,,
2025-07-15,6643,0,Dealer_self,0,,,,,
2025-07-15,6643,0,Investment_Trust,0,,,,,
2025-07-15,6643,26020,Foreign_Investor,185000,,,,,
2025-07-15,6643,0,Foreign_Dealer_Self,0,,,,,
2025-07-16,6643,177397,Foreign_Investor,167113,,,,,
2025-07-16,6643,0,Foreign_Dealer_Self,0,,,,,
2025-07-16,6643,0,Investment_Trust,0,,,,,
2025-07-16,6643,0,Dealer_self,0,,,,,
2025-07-16,6643,15781,Dealer_Hedging,10051,,,,,
2025-07-17,6643,4000,Dealer_self,0,,,,,
2025-07-17,6643,0,Investment_Trust,50,,,,,
2025-07-17,6643,27710,Dealer_Hedging,5872,,,,,
2025-07-17,6643,163007,Foreign_Investor,110524,,,,,
2025-07-17,6643,0,Foreign_Dealer_Self,0,,,,,
2025-07-18,6643,152050,Foreign_Investor,115000,,,,,
2025-07-18,6643,0,Foreign_Dealer_Self,0,,,,,
2025-07-18,6643,0,Investment_Trust,0,,,,,
2025-07-18,6643,0,Dealer_self,4000,,,,,
2025-07-18,6643,8182,Dealer_Hedging,20893,,,,,
2025-07-21,6643,69000,Foreign_Investor,80004,,,,,
2025-07-21,6643,0,Foreign_Dealer_Self,0,,,,,
2025-07-21,6643,0,Investment_Trust,0,,,,,
2025-07-21,6643,0,Dealer_self,0,,,,,
2025-07-21,6643,13265,Dealer_Hedging,10293,,,,,
2025-07-22,6643,424000,Foreign_Investor,883000,,,,,
2025-07-22,6643,0,Foreign_Dealer_Self,0,,,,,
2025-07-22,6643,0,Investment_Trust,0,,,,,
2025-07-22,6643,6000,Dealer_self,2000,,,,,
2025-07-22,6643,41870,Dealer_Hedging,36062,,,,,
2025-07-23,6643,10187,Dealer_Hedging,5949,,,,,
2025-07-23,6643,0,Dealer_self,1000,,,,,
2025-07-23,6643,0,Investment_Trust,0,,,,,
2025-07-23,6643,146008,Foreign_Investor,264000,,,,,
2025-07-23,6643,0,Foreign_Dealer_Self,0,,,,,
2025-07-24,6643,149000,Foreign_Investor,124000,,,,,
2025-07-24,6643,0,Foreign_Dealer_Self,0,,,,,
2025-07-24,6643,0,Investment_Trust,0,,,,,
2025-07-24,6643,0,Dealer_self,3000,,,,,
2025-07-24,6643,8114,Dealer_Hedging,5650,,,,,
2025-07-25,6643,6223,Dealer_Hedging,4440,,,,,
2025-07-25,6643,0,Dealer_self,0,,,,,
2025-07-25,6643,0,Foreign_Dealer_Self,0,,,,,
2025-07-25,6643,120000,Foreign_Investor,177100,,,,,
2025-07-25,6643,0,Investment_Trust,0,,,,,
2025-07-28,6643,139000,Foreign_Investor,86000,,,,,
2025-07-28,6643,0,Foreign_Dealer_Self,0,,,,,
2025-07-28,6643,0,Investment_Trust,0,,,,,
2025-07-28,6643,0,Dealer_self,0,,,,,
2025-07-28,6643,3879,Dealer_Hedging,4894,,,,,
2025-07-29,6643,24146,Dealer_Hedging,27892,,,,,
2025-07-29,6643,0,Dealer_self,0,,,,,
2025-07-29,6643,0,Investment_Trust,0,,,,,
2025-07-29,6643,42030,Foreign_Investor,234000,,,,,
2025-07-29,6643,0,Foreign_Dealer_Self,0,,,,,
2025-07-30,6643,104215,Foreign_Investor,164000,,,,,
2025-07-30,6643,0,Foreign_Dealer_Self,0,,,,,
2025-07-30,6643,0,Investment_Trust,0,,,,,
2025-07-30,6643,0,Dealer_self,0,,,,,
2025-07-30,6643,28050,Dealer_Hedging,34251,,,,,
2025-07-31,6643,9237,Dealer_Hedging,9625,,,,,
2025-07-31,6643,0,Dealer_self,0,,,,,
2025-07-31,6643,74000,Foreign_Investor,207000,,,,,
2025-07-31,6643,0,Foreign_Dealer_Self,0,,,,,
2025-07-31,6643,0,Investment_Trust,0,,,,,
2025-08-01,6643,202010,Foreign_Investor,106000,,,,,
2025-08-01,6643,0,Foreign_Dealer_Self,0,,,,,
2025-08-01,6643,0,Investment_Trust,0,,,,,
2025-08-01,6643,0,Dealer_self,0,,,,,
2025-08-01,6643,18316,Dealer_Hedging,4606,,,,,
2025-08-04,6643,0,Dealer_self,0,,,,,
2025-08-04,6643,15281,Dealer_Hedging,24050,,,,,
2025-08-04,6643,0,Investment_Trust,0,,,,,
2025-08-04,6643,53120,Foreign_Investor,180000,,,,,
2025-08-04,6643,0,Foreign_Dealer_Self,0,,,,,
2025-08-05,6643,282020,Foreign_Investor,35351,,,,,
2025-08-05,6643,0,Foreign_Dealer_Self,0,,,,,
2025-08-05,6643,0,Investment_Trust,0,,,,,
2025-08-05,6643,0,Dealer_self,0,,,,,
2025-08-05,6643,7608,Dealer_Hedging,4086,,,,,
2025-08-06,6643,33552,Dealer_Hedging,33461,,,,,
2025-08-06,6643,0,Dealer_self,0,,,,,
2025-08-06,6643,0,Investment_Trust,0,,,,,
2025-08-06,6643,72024,Foreign_Investor,351240,,,,,
2025-08-06,6643,0,Foreign_Dealer_Self,0,,,,,
2025-08-07,6643,902000,Foreign_Investor,203000,,,,,
2025-08-07,6643,0,Foreign_Dealer_Self,0,,,,,
2025-08-07,6643,0,Investment_Trust,0,,,,,
2025-08-07,6643,0,Dealer_self,0,,,,,
2025-08-07,6643,36894,Dealer_Hedging,15918,,,,,
2025-08-08,6643,10000,Dealer_self,2000,,,,,
2025-08-08,6643,10000,Dealer_Hedging,15147,,,,,
2025-08-08,6643,0,Foreign_Dealer_Self,0,,,,,
2025-08-08,6643,64071,Foreign_Investor,253000,,,,,
2025-08-08,6643,0,Investment_Trust,0,,,,,
2025-08-11,6643,43020,Foreign_Investor,207000,,,,,
2025-08-11,6643,0,Foreign_Dealer_Self,0,,,,,
2025-08-11,6643,0,Investment_Trust,0,,,,,
2025-08-11,6643,0,Dealer_self,2000,,,,,
2025-08-11,6643,21000,Dealer_Hedging,24913,,,,,
2025-08-12,6643,2917,Dealer_Hedging,978,,,,,
2025-08-12,6643,0,Investment_Trust,0,,,,,
2025-08-12,6643,0,Dealer_self,0,,,,,
2025-08-12,6643,177000,Foreign_Investor,49000,,,,,
2025-08-12,6643,0,Foreign_Dealer_Self,0,,,,,
2025-08-13,6643,522050,Foreign_Investor,172150,,,,,
2025-08-13,6643,0,Foreign_Dealer_Self,0,,,,,
2025-08-13,6643,0,Investment_Trust,0,,,,,
2025-08-13,6643,0,Dealer_self,0,,,,,
2025-08-13,6643,17442,Dealer_Hedging,4673,,,,,
2025-08-14,6643,3169,Dealer_Hedging,3470,,,,,
2025-08-14,6643,2000,Dealer_self,0,,,,,
2025-08-14,6643,145015,Foreign_Investor,94000,,,,,
2025-08-14,6643,0,Foreign_Dealer_Self,0,,,,,
2025-08-14,6643,0,Investment_Trust,100,,,,,
2025-08-15,6643,44200,Foreign_Investor,242000,,,,,
2025-08-15,6643,0,Foreign_Dealer_Self,0,,,,,
2025-08-15,6643,0,Investment_Trust,0,,,,,
2025-08-15,6643,0,Dealer_self,2000,,,,,
2025-08-15,6643,5067,Dealer_Hedging,10068,,,,,
2025-08-18,6643,47302,Foreign_Investor,186000,,,,,
2025-08-18,6643,0,Foreign_Dealer_Self,0,,,,,
2025-08-18,6643,2000,Investment_Trust,0,,,,,
2025-08-18,6643,0,Dealer_self,0,,,,,
2025-08-18,6643,9401,Dealer_Hedging,14852,,,,,
2025-08-19,6643,0,Dealer_self,4000,,,,,
2025-08-19,6643,1000,Investment_Trust,0,,,,,
2025-08-19,6643,21085,Dealer_Hedging,24207,,,,,
2025-08-19,6643,50020,Foreign_Investor,308000,,,,,
2025-08-19,6643,0,Foreign_Dealer_Self,0,,,,,
2025-08-20,6643,23859,Dealer_Hedging,31598,,,,,
2025-08-20,6643,0,Dealer_self,0,,,,,
2025-08-20,6643,100070,Foreign_Investor,411350,,,,,
2025-08-20,6643,0,Foreign_Dealer_Self,0,,,,,
2025-08-20,6643,3000,Investment_Trust,0,,,,,
2025-08-21,6643,12006,Foreign_Investor,178000,,,,,
2025-08-21,6643,0,Foreign_Dealer_Self,0,,,,,
2025-08-21,6643,0,Investment_Trust,0,,,,,
2025-08-21,6643,0,Dealer_self,0,,,,,
2025-08-21,6643,23066,Dealer_Hedging,29731,,,,,
2025-08-22,6643,58020,Foreign_Investor,142500,,,,,
2025-08-22,6643,0,Foreign_Dealer_Self,0,,,,,
2025-08-22,6643,0,Investment_Trust,0,,,,,
2025-08-22,6643,0,Dealer_self,0,,,,,
2025-08-22,6643,18142,Dealer_Hedging,31553,,,,,
2025-08-25,6643,0,Dealer_self,0,,,,,
2025-08-25,6643,13055,Dealer_Hedging,150,,,,,
2025-08-25,6643,0,Investment_Trust,0,,,,,
2025-08-25,6643,400020,Foreign_Investor,84000,,,,,
2025-08-25,6643,0,Foreign_Dealer_Self,0,,,,,
2025-08-26,6643,770770,Foreign_Investor,179562,,,,,
2025-08-26,6643,0,Foreign_Dealer_Self,0,,,,,
2025-08-26,6643,0,Investment_Trust,0,,,,,
2025-08-26,6643,20000,Dealer_self,0,,,,,
2025-08-26,6643,73927,Dealer_Hedging,16936,,,,,
2025-08-27,6643,17740,Dealer_Hedging,23319,,,,,
2025-08-27,6643,8000,Dealer_self,9000,,,,,
2025-08-27,6643,0,Foreign_Dealer_Self,0,,,,,
2025-08-27,6643,420000,Foreign_Investor,106000,,,,,
2025-08-27,6643,0,Investment_Trust,0,,,,,
2025-08-28,6643,158000,Foreign_Investor,91000,,,,,
2025-08-28,6643,0,Foreign_Dealer_Self,0,,,,,
2025-08-28,6643,0,Investment_Trust,1000,,,,,
2025-08-28,6643,6000,Dealer_self,8000,,,,,
2025-08-28,6643,4045,Dealer_Hedging,11244,,,,,
2025-08-29,6643,1499,Dealer_Hedging,5026,,,,,
2025-08-29,6643,2000,Dealer_self,9000,,,,,
2025-08-29,6643,0,Foreign_Dealer_Self,0,,,,,
2025-08-29,6643,61603,Foreign_Investor,41509,,,,,
2025-08-29,6643,0,Investment_Trust,0,,,,,
2025-09-01,6643,129000,Foreign_Investor,121080,,,,,
2025-09-01,6643,0,Foreign_Dealer_Self,0,,,,,
2025-09-01,6643,0,Investment_Trust,0,,,,,
2025-09-01,6643,0,Dealer_self,3000,,,,,
2025-09-01,6643,1366,Dealer_Hedging,4061,,,,,
2025-09-02,6643,438000,Foreign_Investor,401150,,,,,
2025-09-02,6643,0,Foreign_Dealer_Self,0,,,,,
2025-09-02,6643,0,Investment_Trust,0,,,,,
2025-09-02,6643,4000,Dealer_self,2000,,,,,
2025-09-02,6643,23576,Dealer_Hedging,10375,,,,,
2025-09-03,6643,4000,Dealer_self,1000,,,,,
2025-09-03,6643,0,Investment_Trust,0,,,,,
2025-09-03,6643,10080,Dealer_Hedging,5203,,,,,
2025-09-03,6643,200000,Foreign_Investor,103000,,,,,
2025-09-03,6643,0,Foreign_Dealer_Self,0,,,,,
2025-09-04,6643,173000,Foreign_Investor,123000,,,,,
2025-09-04,6643,0,Foreign_Dealer_Self,0,,,,,
2025-09-04,6643,0,Investment_Trust,0,,,,,
2025-09-04,6643,0,Dealer_self,3000,,,,,
2025-09-04,6643,2120,Dealer_Hedging,13107,,,,,
2025-09-05,6643,11308,Dealer_Hedging,11764,,,,,
2025-09-05,6643,0,Dealer_self,3000,,,,,
2025-09-05,6643,0,Investment_Trust,0,,,,,
2025-09-05,6643,220100,Foreign_Investor,281000,,,,,
2025-09-05,6643,0,Foreign_Dealer_Self,0,,,,,
2025-09-08,6643,148000,Foreign_Investor,70000,,,,,
2025-09-08,6643,0,Foreign_Dealer_Self,0,,,,,
2025-09-08,6643,0,Investment_Trust,1000,,,,,
2025-09-08,6643,0,Dealer_self,4000,,,,,
2025-09-08,6643,3050,Dealer_Hedging,1605,,,,,
2025-09-09,6643,0,Dealer_self,0,,,,,
2025-09-09,6643,0,Investment_Trust,100,,,,,
2025-09-09,6643,721,Dealer_Hedging,456,,,,,
2025-09-09,6643,109000,Foreign_Investor,104006,,,,,
2025-09-09,6643,0,Foreign_Dealer_Self,0,,,,,
2025-09-10,6643,21000,Foreign_Investor,285000,,,,,
2025-09-10,6643,0,Foreign_Dealer_Self,0,,,,,
2025-09-10,6643,0,Investment_Trust,0,,,,,
2025-09-10,6643,0,Dealer_self,0,,,,,
2025-09-10,6643,14306,Dealer_Hedging,19851,,,,,
2025-09-11,6643,30000,Dealer_Hedging,38533,,,,,
2025-09-11,6643,0,Dealer_self,0,,,,,
2025-09-11,6643,44030,Foreign_Investor,208000,,,,,
2025-09-11,6643,0,Foreign_Dealer_Self,0,,,,,
2025-09-11,6643,0,Investment_Trust,0,,,,,
2025-09-12,6643,150000,Foreign_Investor,173000,,,,,
2025-09-12,6643,0,Foreign_Dealer_Self,0,,,,,
2025-09-12,6643,0,Investment_Trust,0,,,,,
2025-09-12,6643,0,Dealer_self,0,,,,,
2025-09-12,6643,17595,Dealer_Hedging,12841,,,,,
2025-09-15,6643,0,Dealer_self,4000,,,,,
2025-09-15,6643,18000,Dealer_Hedging,24093,,,,,
2025-09-15,6643,0,Foreign_Dealer_Self,0,,,,,
2025-09-15,6643,39000,Foreign_Investor,238000,,,,,
2025-09-15,6643,0,Investment_Trust,0,,,,,
2025-09-16,6643,36020,Foreign_Investor,76000,,,,,
2025-09-16,6643,0,Foreign_Dealer_Self,0,,,,,
2025-09-16,6643,0,Investment_Trust,0,,,,,
2025-09-16,6643,1000,Dealer_self,0,,,,,
2025-09-16,6643,8000,Dealer_Hedging,6850,,,,,
2025-09-17,6643,29000,Dealer_Hedging,29809,,,,,
2025-09-17,6643,0,Dealer_self,0,,,,,
2025-09-17,6643,0,Foreign_Dealer_Self,0,,,,,
2025-09-17,6643,74242,Foreign_Investor,294000,,,,,
2025-09-17,6643,0,Investment_Trust,0,,,,,
2025-09-18,6643,11707,Dealer_Hedging,4178,,,,,
2025-09-18,6643,264032,Foreign_Investor,50200,,,,,
2025-09-18,6643,0,Foreign_Dealer_Self,0,,,,,
2025-09-18,6643,0,Investment_Trust,0,,,,,
2025-09-18,6643,0,Dealer_self,0,,,,,
2025-09-19,6643,0,Investment_Trust,1153,,,,,
2025-09-19,6643,2000,Dealer_self,2000,,,,,
2025-09-19,6643,415600,Foreign_Investor,637000,,,,,
2025-09-19,6643,0,Foreign_Dealer_Self,0,,,,,
2025-09-19,6643,39700,Dealer_Hedging,28230,,,,,
